File,Function,LOC,SLOC-P,SLOC-L,MVG,BLOC,C&SLOC,CLOC,CWORD
C:\work\HotPursuitGame\CarGame\CarGame\main.cpp,"wWinMain( HINSTANCE hInst, HINSTANCE , LPWSTR commandLine, int nCmdShow )",25,22,19,6,2,0,1,3,
C:\work\HotPursuitGame\CarGame\CarGame\UIManager.cpp,"CUIManager::CUIManager( UI::CMainMenuWindow* _mainMenuWindow, HINSTANCE hInst )",6,5,5,0,1,0,0,0,
C:\work\HotPursuitGame\CarGame\CarGame\UIManager.cpp,"CUIManager::GetDirection( const std::vector<Core::CCoordinates>& possibleMoves, Core::CCoordinates inertia, Core::CCoordinates position ) const",14,13,11,3,1,0,0,0,
C:\work\HotPursuitGame\CarGame\CarGame\UIManager.cpp,"CUIManager::InitMap( const Core::CMap& map, const std::vector<Core::CPlayer>& players, const Core::CLine& finish ) const",18,16,13,3,2,0,0,0,
C:\work\HotPursuitGame\CarGame\CarGame\UIManager.cpp,CUIManager::UpdatePlayersInfo( const std::vector<Core::CPlayer>& movedPlayers ) const,10,10,9,1,0,0,0,0,
C:\work\HotPursuitGame\CarGame\CarGame\UIManager.cpp,CUIManager::MarkPossibleMoves( const std::vector<Core::CCoordinates>& possibleMoves ) const,2,2,2,0,0,0,0,0,
C:\work\HotPursuitGame\CarGame\CarGame\UIManager.cpp,CUIManager::UnMarkPossibleMoves( const std::vector<Core::CCoordinates>& possibleMoves ) const,2,2,2,0,0,0,0,0,
C:\work\HotPursuitGame\CarGame\CarGame\UIManager.cpp,CUIManager::ShowCrashesAndRespawn( const std::set<Core::CPlayer*>& collidedPlayers ) const,10,10,8,2,0,0,0,0,
C:\work\HotPursuitGame\CarGame\CarGame\UIManager.cpp,CUIManager::ShowCrashes( const std::set<Core::CPlayer*>& crashedPlayers ) const,8,8,6,2,0,0,0,0,
C:\work\HotPursuitGame\CarGame\CarGame\UIManager.cpp,"CUIManager::ShowPowerups( const std::map<Core::CCoordinates, PowerupType>& powerupsInfo ) const",2,2,2,0,0,0,0,0,
C:\work\HotPursuitGame\CarGame\CarGame\UIManager.cpp,"CUIManager::ShowShots( const std::vector<std::pair<std::pair<float, float>, std::pair<float, float>>>& shots, bool needDelay ) const",5,5,4,1,0,0,0,0,
C:\work\HotPursuitGame\CarGame\CarGame\UIManager.cpp,CUIManager::ShowGameResult( const std::vector<Core::CPlayer>& winners ) const,5,5,5,0,0,0,0,0,
C:\work\HotPursuitGame\CarGame\CarGame\UIManager.cpp,CUIManager::SwitchToMainMenu() const,6,6,6,0,0,0,0,0,
C:\work\HotPursuitGame\CarGame\CarGame\UIManager.cpp,CUIManager::SwitchToSettings() const,6,6,6,0,0,0,0,0,
C:\work\HotPursuitGame\CarGame\CarGame\UIManager.cpp,CUIManager::SwitchToGame() const,6,6,6,0,0,0,0,0,
C:\work\HotPursuitGame\CarGame\CarGame\UIManager.cpp,CUIManager::SwitchToResults() const,6,6,6,0,0,0,0,0,
C:\work\HotPursuitGame\CarGame\CarGame\UIManager.cpp,CUIManager::GetUIThread(),2,2,2,1,0,0,0,0,
C:\work\HotPursuitGame\CarGame\CarGame\UIManager.cpp,CUIManager::FinishGame() const,2,2,2,0,0,0,0,0,
C:\work\HotPursuitGame\CarGame\CarGame\Utils.cpp,"Core::CCoordinates::CCoordinates( int newX, int newY )",1,1,1,0,0,0,0,0,
C:\work\HotPursuitGame\CarGame\CarGame\Utils.cpp,Core::CCoordinates::operator==(const CCoordinates& point) const,2,2,2,1,0,0,0,0,
C:\work\HotPursuitGame\CarGame\CarGame\Utils.cpp,Core::CCoordinates::operator<(const CCoordinates& point) const,2,2,2,1,0,0,0,0,
C:\work\HotPursuitGame\CarGame\CarGame\Utils.cpp,Core::CCoordinates::operator+(const CCoordinates& point) const,2,2,2,1,0,0,0,0,
C:\work\HotPursuitGame\CarGame\CarGame\Utils.cpp,Core::CCoordinates::operator-(const CCoordinates& point) const,2,2,2,1,0,0,0,0,
C:\work\HotPursuitGame\CarGame\CarGame\Utils.cpp,Core::CCoordinates::operator=(CCoordinates right),4,4,4,1,0,0,0,0,
C:\work\HotPursuitGame\CarGame\CarGame\Utils.cpp,"UI::CCoordinates::CCoordinates( float _x, float _y, float _angle )",1,1,1,0,0,0,0,0,
C:\work\HotPursuitGame\CarGame\CarGame\Utils.cpp,UI::CCoordinates::operator==(const CCoordinates& point) const,2,2,2,1,0,0,0,0,
C:\work\HotPursuitGame\CarGame\CarGame\Utils.cpp,UI::CCoordinates::operator!=(const CCoordinates& point) const,2,2,2,1,0,0,0,0,
C:\work\HotPursuitGame\CarGame\CarGame\Utils.cpp,UI::CCoordinates::operator<(const CCoordinates& point) const,2,2,2,1,0,0,0,0,
C:\work\HotPursuitGame\CarGame\CarGame\Utils.cpp,"UI::CWindowCoordinates::CWindowCoordinates( float _x, float _y )",1,1,1,0,0,0,0,0,
C:\work\HotPursuitGame\CarGame\CarGame\Utils.cpp,"UI::transateToWcoord( float x, float y, float cellSize, CWindowCoordinates indent, CSize mapSize )",2,2,2,1,0,0,0,0,
C:\work\HotPursuitGame\CarGame\CarGame\Utils.cpp,"inBoxOnAxis( int firstPoint, int secondPoint, int thirdPoint, int forthPoint )",8,8,6,3,0,0,0,0,
C:\work\HotPursuitGame\CarGame\CarGame\Utils.cpp,"area( const Core::CCoordinates& firstPoint, const Core::CCoordinates& secondPoint, const Core::CCoordinates& thirdPoint )",3,3,2,1,0,0,0,0,
C:\work\HotPursuitGame\CarGame\CarGame\Utils.cpp,"isIntersects( const Core::CCoordinates& firstPoint, const Core::CCoordinates& secondPoint, const Core::CCoordinates& thirdPoint, const Core::CCoordinates& fourthPoint )",7,7,2,4,0,0,0,0,
C:\work\HotPursuitGame\CarGame\CarGame\Core\Game.cpp,"CGame::CGame( const CMap& newMap, const std::vector<CPlayer>& playersInfo, const CUIManager* _manager )",1,1,1,0,0,0,0,0,
C:\work\HotPursuitGame\CarGame\CarGame\Core\Game.cpp,CGame::finishLineIntersectsWithPlayer( const CPlayer& player ) const,22,17,9,7,2,0,3,20,
C:\work\HotPursuitGame\CarGame\CarGame\Core\Game.cpp,CGame::handleFinishLineIntersections(),4,4,3,1,0,0,0,0,
C:\work\HotPursuitGame\CarGame\CarGame\Core\Game.cpp,CGame::handleFinishLineIntersectionsForPlayer( int i ),2,2,2,0,0,0,0,0,
C:\work\HotPursuitGame\CarGame\CarGame\Core\Game.cpp,CGame::playerOutOfTrack( const CPlayer& player ) const,37,33,15,8,4,0,0,0,
C:\work\HotPursuitGame\CarGame\CarGame\Core\Game.cpp,CGame::findCollisions( std::set<CPlayer*>& crashedPlayers ),4,4,3,1,0,0,0,0,
C:\work\HotPursuitGame\CarGame\CarGame\Core\Game.cpp,"CGame::findCollisionsForPlayer( int playerId, std::set<CPlayer*>& crashedPlayers )",7,7,5,2,0,0,0,0,
C:\work\HotPursuitGame\CarGame\CarGame\Core\Game.cpp,CGame::findCrashes( std::set<CPlayer*>& crashedPlayers ),4,4,3,1,0,0,0,0,
C:\work\HotPursuitGame\CarGame\CarGame\Core\Game.cpp,"CGame::findCrashesForPlayer( CPlayer& player, std::set<CPlayer*>& crashedPlayers ) const",4,4,3,1,0,0,0,0,
C:\work\HotPursuitGame\CarGame\CarGame\Core\Game.cpp,CGame::findWinners( std::vector<CPlayer>& winners ) const,6,6,4,2,0,0,0,0,
C:\work\HotPursuitGame\CarGame\CarGame\Core\Game.cpp,CGame::turnOfUser( CPlayer& player ) const,6,6,6,1,0,0,0,0,
C:\work\HotPursuitGame\CarGame\CarGame\Core\Game.cpp,CGame::initAI( CPlayer* player ),35,30,20,3,5,0,0,0,
C:\work\HotPursuitGame\CarGame\CarGame\Core\Game.cpp,CGame::turnOfAI( CPlayer& player ),16,15,12,3,1,0,0,0,
C:\work\HotPursuitGame\CarGame\CarGame\Core\Game.cpp,"CGame::turnOfPlayer( CPlayer& player, std::set<CPlayer*>& crashedPlayers )",22,22,15,5,0,0,0,0,
C:\work\HotPursuitGame\CarGame\CarGame\Core\Game.cpp,"CGame::handleCrashes( const std::set<CPlayer*>& crashedPlayers, int& deadPlayersCount ) const",24,24,20,4,0,0,0,0,
C:\work\HotPursuitGame\CarGame\CarGame\Core\Game.cpp,CGame::Start(),72,67,59,10,5,0,0,0,
C:\work\HotPursuitGame\CarGame\CarGame\Core\Game.cpp,CGame::finish( const std::vector<CPlayer>& winners ) const,3,3,3,0,0,0,0,0,
C:\work\HotPursuitGame\CarGame\CarGame\Core\GameMode.cpp,"CGameMode::Init( MovementMode _movementMode, DeathPenalty _deathPenalty, int _lapCount, ObjectRate _objectRate, ObjectChangeModel _objectChangeModel )",6,6,6,0,0,0,0,0,
C:\work\HotPursuitGame\CarGame\CarGame\Core\GameMode.cpp,CGameMode::GetMovementMode(),2,2,2,1,0,0,0,0,
C:\work\HotPursuitGame\CarGame\CarGame\Core\GameMode.cpp,CGameMode::GetDeathPenalty(),2,2,2,1,0,0,0,0,
C:\work\HotPursuitGame\CarGame\CarGame\Core\GameMode.cpp,CGameMode::GetLapCount(),2,2,2,1,0,0,0,0,
C:\work\HotPursuitGame\CarGame\CarGame\Core\GameMode.cpp,CGameMode::GetMaxLapsCount(),2,2,2,1,0,0,0,0,
C:\work\HotPursuitGame\CarGame\CarGame\Core\GameMode.cpp,CGameMode::GetObjectRate(),2,2,2,1,0,0,0,0,
C:\work\HotPursuitGame\CarGame\CarGame\Core\GameMode.cpp,CGameMode::GetObjectChangeModel(),2,2,2,1,0,0,0,0,
C:\work\HotPursuitGame\CarGame\CarGame\Core\Map.cpp,"CMap::CMap( const CField& newMap, CLine finish, const std::vector<CCoordinates>& _startPoints )",1,1,1,0,0,0,0,0,
C:\work\HotPursuitGame\CarGame\CarGame\Core\Map.cpp,"CMap::IsEmpty( int x, int y ) const",2,2,2,1,0,0,0,0,
C:\work\HotPursuitGame\CarGame\CarGame\Core\Map.cpp,CMap::GetSize() const,2,2,2,1,0,0,0,0,
C:\work\HotPursuitGame\CarGame\CarGame\Core\Map.cpp,CMap::GetField() const,2,2,2,1,0,0,0,0,
C:\work\HotPursuitGame\CarGame\CarGame\Core\Map.cpp,CMap::GetFinishLine() const,2,2,2,1,0,0,0,0,
C:\work\HotPursuitGame\CarGame\CarGame\Core\Map.cpp,CMap::GetStartPoints() const,2,2,2,1,0,0,0,0,
C:\work\HotPursuitGame\CarGame\CarGame\Core\Player.cpp,"CPlayer::CPlayer( const CCoordinates& coordinates, size_t playerNumber, PlayersTypes playerType, std::wstring playerName )",1,1,1,0,0,0,0,0,
C:\work\HotPursuitGame\CarGame\CarGame\Core\Player.cpp,CPlayer::GoToStart(),5,5,5,0,0,0,0,0,
C:\work\HotPursuitGame\CarGame\CarGame\Core\Player.cpp,CPlayer::DecreaseLaps( int count ),2,2,2,0,0,0,0,0,
C:\work\HotPursuitGame\CarGame\CarGame\Core\Player.cpp,CPlayer::IncreaseLaps( int count ),2,2,2,0,0,0,0,0,
C:\work\HotPursuitGame\CarGame\CarGame\Core\Player.cpp,CPlayer::convertFromDirectionCode( Direction directionCode ) const,23,23,12,10,0,0,0,0,
C:\work\HotPursuitGame\CarGame\CarGame\Core\Player.cpp,CPlayer::PossibleMoves( const CSize& size ),13,13,9,4,0,0,0,0,
C:\work\HotPursuitGame\CarGame\CarGame\Core\Player.cpp,CPlayer::SetInertia( CCoordinates newInertia ),2,2,2,0,0,0,0,0,
C:\work\HotPursuitGame\CarGame\CarGame\Core\Player.cpp,CPlayer::SetPenalty( int newPenalty ),2,2,2,0,0,0,0,0,
C:\work\HotPursuitGame\CarGame\CarGame\Core\Player.cpp,CPlayer::ActivateShield(),2,2,2,0,0,0,0,0,
C:\work\HotPursuitGame\CarGame\CarGame\Core\Player.cpp,CPlayer::DecreaseShield(),2,2,2,0,0,0,0,0,
C:\work\HotPursuitGame\CarGame\CarGame\Core\Player.cpp,CPlayer::DropShield(),2,2,2,0,0,0,0,0,
C:\work\HotPursuitGame\CarGame\CarGame\Core\Player.cpp,CPlayer::Move( Direction direction_code ),8,7,7,0,1,0,0,0,
C:\work\HotPursuitGame\CarGame\CarGame\Core\Player.cpp,CPlayer::GetPreviousPosition() const,2,2,2,1,0,0,0,0,
C:\work\HotPursuitGame\CarGame\CarGame\Core\Player.cpp,CPlayer::GetInitialPosition() const,2,2,2,1,0,0,0,0,
C:\work\HotPursuitGame\CarGame\CarGame\Core\Player.cpp,CPlayer::GetPosition() const,2,2,2,1,0,0,0,0,
C:\work\HotPursuitGame\CarGame\CarGame\Core\Player.cpp,CPlayer::GetInertia() const,2,2,2,1,0,0,0,0,
C:\work\HotPursuitGame\CarGame\CarGame\Core\Player.cpp,CPlayer::GetNumber() const,2,2,2,1,0,0,0,0,
C:\work\HotPursuitGame\CarGame\CarGame\Core\Player.cpp,CPlayer::GetName() const,2,2,2,1,0,0,0,0,
C:\work\HotPursuitGame\CarGame\CarGame\Core\Player.cpp,CPlayer::GetType() const,2,2,2,1,0,0,0,0,
C:\work\HotPursuitGame\CarGame\CarGame\Core\Player.cpp,CPlayer::Die(),2,2,2,0,0,0,0,0,
C:\work\HotPursuitGame\CarGame\CarGame\Core\Player.cpp,"CPlayer::DirectionIsValid( Direction directionCode, const CSize& size ) const",4,4,3,1,0,0,0,0,
C:\work\HotPursuitGame\CarGame\CarGame\Core\Player.cpp,"CPlayer::DirectionIsValid( CCoordinates direction, const CSize& size ) const",3,3,2,1,0,0,0,0,
C:\work\HotPursuitGame\CarGame\CarGame\Core\Player.cpp,CPlayer::IsAlive() const,2,2,2,1,0,0,0,0,
C:\work\HotPursuitGame\CarGame\CarGame\Core\Player.cpp,CPlayer::GetLaps() const,2,2,2,1,0,0,0,0,
C:\work\HotPursuitGame\CarGame\CarGame\Core\Player.cpp,CPlayer::GetPenalty() const,2,2,2,1,0,0,0,0,
C:\work\HotPursuitGame\CarGame\CarGame\Core\Player.cpp,CPlayer::GetShield() const,2,2,2,1,0,0,0,0,
C:\work\HotPursuitGame\CarGame\CarGame\Core\Player.cpp,CPlayer::operator<( const CPlayer& player ) const,2,2,2,1,0,0,0,0,
C:\work\HotPursuitGame\CarGame\CarGame\Core\PowerupManager.cpp,CPowerupManager::CPowerupManager(),2,2,2,0,0,0,0,0,
C:\work\HotPursuitGame\CarGame\CarGame\Core\PowerupManager.cpp,CPowerupManager::GetPowerup( const Core::CCoordinates& coordinates ) const,2,2,2,1,0,0,0,0,
C:\work\HotPursuitGame\CarGame\CarGame\Core\PowerupManager.cpp,"CPowerupManager::GetPowerup( int x, int y ) const",5,5,4,3,0,0,0,0,
C:\work\HotPursuitGame\CarGame\CarGame\Core\PowerupManager.cpp,CPowerupManager::GetShots( ) const,2,2,2,1,0,0,0,0,
C:\work\HotPursuitGame\CarGame\CarGame\Core\PowerupManager.cpp,CPowerupManager::GetPowerups() const,2,2,2,1,0,0,0,0,
C:\work\HotPursuitGame\CarGame\CarGame\Core\PowerupManager.cpp,CPowerupManager::DropShots(),2,2,2,0,0,0,0,0,
C:\work\HotPursuitGame\CarGame\CarGame\Core\PowerupManager.cpp,CPowerupManager::generatePowerup( const Core::CMap& map ),12,12,9,3,0,0,0,0,
C:\work\HotPursuitGame\CarGame\CarGame\Core\PowerupManager.cpp,"CPowerupManager::handleWalls( CPlayer& player, std::set<CPlayer*>& crashedPlayers )",25,22,12,3,3,0,0,0,
C:\work\HotPursuitGame\CarGame\CarGame\Core\PowerupManager.cpp,"CPowerupManager::HandleStep( std::vector<Core::CPlayer>& players, std::set<CPlayer*>& crashedPlayers )",4,4,3,1,0,0,0,0,
C:\work\HotPursuitGame\CarGame\CarGame\Core\PowerupManager.cpp,"CPowerupManager::HandleStepForPlayer( CPlayer& activePlayer, std::vector<CPlayer>& players, std::set<CPlayer*>& crashedPlayers )",63,61,46,16,0,1,2,36,
C:\work\HotPursuitGame\CarGame\CarGame\Core\PowerupManager.cpp,CPowerupManager::GeneratePowerups( const CMap& map ),35,35,29,6,0,0,0,0,
C:\work\HotPursuitGame\CarGame\CarGame\Core\PowerupManager.cpp,"CPowerupManager::UpdatePowerups( const CMap& map, const std::vector<CPlayer>& players )",15,15,11,4,0,0,0,0,
C:\work\HotPursuitGame\CarGame\CarGame\Core\Reader.cpp,CReader::ReadMap( const std::string& path ),37,34,25,7,3,0,0,0,
C:\work\HotPursuitGame\CarGame\CarGame\UI\Car.cpp,"find_angle( int x, int y )",7,7,6,2,0,0,0,0,
C:\work\HotPursuitGame\CarGame\CarGame\UI\Car.cpp,"CCar::CCar( CCoordinates startCoordinates, Color carColor )",1,1,1,0,0,0,0,0,
C:\work\HotPursuitGame\CarGame\CarGame\UI\Car.cpp,CCar::GetColor() const,2,2,2,1,0,0,0,0,
C:\work\HotPursuitGame\CarGame\CarGame\UI\Car.cpp,CCar::GetCoordinates() const,2,2,2,1,0,0,0,0,
C:\work\HotPursuitGame\CarGame\CarGame\UI\Car.cpp,CCar::GetShieldMode() const,2,2,2,1,0,0,0,0,
C:\work\HotPursuitGame\CarGame\CarGame\UI\Car.cpp,"CCar::rotate( float &x, float &y, float angle ) const",5,5,5,0,0,0,0,0,
C:\work\HotPursuitGame\CarGame\CarGame\UI\Car.cpp,"CCar::rotateCar( float &Ax, float &Ay, float &Bx, float &By, float &Cx, float &Cy, float &Dx, float &Dy, float centerX, float centerY, float angle ) const",25,21,21,0,4,0,0,0,
C:\work\HotPursuitGame\CarGame\CarGame\UI\Car.cpp,"CCar::Draw( float cellSize, CWindowCoordinates indent, CSize mapSize ) const",76,69,52,3,7,1,0,3,
C:\work\HotPursuitGame\CarGame\CarGame\UI\Car.cpp,CCar::Move( CCoordinates coordinates ),3,3,3,0,0,0,0,0,
C:\work\HotPursuitGame\CarGame\CarGame\UI\Car.cpp,CCar::Crash(),2,2,2,0,0,0,0,0,
C:\work\HotPursuitGame\CarGame\CarGame\UI\Car.cpp,CCar::SetOpacity( float opacity ),2,2,2,0,0,0,0,0,
C:\work\HotPursuitGame\CarGame\CarGame\UI\Car.cpp,"CCar::Rotate( float x1, float y1, float x2, float y2 )",15,15,13,2,0,1,0,6,
C:\work\HotPursuitGame\CarGame\CarGame\UI\Car.cpp,CCar::SetShieldMode( bool mode ),2,2,2,0,0,0,0,0,
C:\work\HotPursuitGame\CarGame\CarGame\UI\ComboBox.cpp,"UI::CComboBox::CComboBox( const Gdiplus::Rect& _rect, const std::vector<std::wstring>& _names )",1,1,1,0,0,0,0,0,
C:\work\HotPursuitGame\CarGame\CarGame\UI\ComboBox.cpp,UI::CComboBox::Draw( Gdiplus::Graphics& graphics ),23,21,18,3,2,0,0,0,
C:\work\HotPursuitGame\CarGame\CarGame\UI\ComboBox.cpp,UI::CComboBox::Collapse(),2,2,2,0,0,0,0,0,
C:\work\HotPursuitGame\CarGame\CarGame\UI\ComboBox.cpp,UI::CComboBox::Expand(),2,2,2,0,0,0,0,0,
C:\work\HotPursuitGame\CarGame\CarGame\UI\ComboBox.cpp,"UI::CComboBox::OnClick( int x, int y )",18,18,14,7,0,0,0,0,
C:\work\HotPursuitGame\CarGame\CarGame\UI\ComboBox.cpp,UI::CComboBox::IsCollapsed() const,2,2,2,1,0,0,0,0,
C:\work\HotPursuitGame\CarGame\CarGame\UI\ComboBox.cpp,UI::CComboBox::GetChoosedName() const,2,2,2,1,0,0,0,0,
C:\work\HotPursuitGame\CarGame\CarGame\UI\ComboBox.cpp,UI::CComboBox::SetChoosedPosition( int position ),2,2,2,0,0,0,0,0,
C:\work\HotPursuitGame\CarGame\CarGame\UI\Drawing.cpp,"CDrawing::InitGame( const CMap &mapData, const std::vector<CCar> &carsData, const Core::CLine& finish )",30,30,22,7,0,0,0,0,
C:\work\HotPursuitGame\CarGame\CarGame\UI\Drawing.cpp,CDrawing::DropGame(),4,4,4,0,0,0,0,0,
C:\work\HotPursuitGame\CarGame\CarGame\UI\Drawing.cpp,"CDrawing::reshape( int width, int height )",15,12,11,1,3,3,0,7,
C:\work\HotPursuitGame\CarGame\CarGame\UI\Drawing.cpp,CDrawing::timer( int value ),4,4,4,0,0,0,0,0,
C:\work\HotPursuitGame\CarGame\CarGame\UI\Drawing.cpp,"CDrawing::passiveMotion( int x, int y )",3,3,3,0,0,0,0,0,
C:\work\HotPursuitGame\CarGame\CarGame\UI\Drawing.cpp,CDrawing::display(),37,33,28,5,4,2,0,13,
C:\work\HotPursuitGame\CarGame\CarGame\UI\Drawing.cpp,CDrawing::GetWindow(),3,3,3,1,0,0,0,0,
C:\work\HotPursuitGame\CarGame\CarGame\UI\Drawing.cpp,CDrawing::DropKey(),3,3,3,0,0,0,0,0,
C:\work\HotPursuitGame\CarGame\CarGame\UI\Drawing.cpp,CDrawing::DropMouse(),4,4,4,0,0,0,0,0,
C:\work\HotPursuitGame\CarGame\CarGame\UI\Drawing.cpp,CDrawing::GetKey(),3,3,3,1,0,0,0,0,
C:\work\HotPursuitGame\CarGame\CarGame\UI\Drawing.cpp,CDrawing::GetMouse( const std::vector<Core::CCoordinates>& possibleMoves ),10,10,8,4,0,0,0,0,
C:\work\HotPursuitGame\CarGame\CarGame\UI\Drawing.cpp,CDrawing::ShowWindow(),2,2,2,0,0,0,0,0,
C:\work\HotPursuitGame\CarGame\CarGame\UI\Drawing.cpp,CDrawing::HideWindow(),2,2,2,0,0,0,0,0,
C:\work\HotPursuitGame\CarGame\CarGame\UI\Drawing.cpp,CDrawing::MarkPossibleMoves( const std::vector<Core::CCoordinates>& possibleMoves ),3,3,3,0,0,0,0,0,
C:\work\HotPursuitGame\CarGame\CarGame\UI\Drawing.cpp,CDrawing::UnMarkPossibleMoves( const std::vector<Core::CCoordinates>& possibleMoves ),3,3,3,0,0,0,0,0,
C:\work\HotPursuitGame\CarGame\CarGame\UI\Drawing.cpp,CDrawing::GetTextureForPowerup( PowerupType type ),2,2,2,1,0,0,0,0,
C:\work\HotPursuitGame\CarGame\CarGame\UI\Drawing.cpp,"CDrawing::loadTexture( const char* filename, GLuint& texture )",14,10,10,0,0,0,4,13,
C:\work\HotPursuitGame\CarGame\CarGame\UI\Drawing.cpp,CDrawing::drawCursor(),18,18,17,0,0,0,0,0,
C:\work\HotPursuitGame\CarGame\CarGame\UI\Drawing.cpp,"CDrawing::MoveCars( const std::vector<int>& numbers, const std::vector<CCoordinates>& newCoordinates, const std::vector<bool>& shields )",31,29,20,7,2,1,0,13,
C:\work\HotPursuitGame\CarGame\CarGame\UI\Drawing.cpp,"CDrawing::MoveCarsToStart( const std::vector<int>& numbers, const std::vector<CCoordinates>& newCoordinates )",17,17,12,5,0,0,0,0,
C:\work\HotPursuitGame\CarGame\CarGame\UI\Drawing.cpp,CDrawing::DeleteCars( const std::vector<int>& numbers ),12,12,9,3,0,1,0,5,
C:\work\HotPursuitGame\CarGame\CarGame\UI\Drawing.cpp,"CDrawing::SetPowerups( const std::map<Core::CCoordinates, PowerupType> powerupsInfo )",6,6,5,1,0,0,0,0,
C:\work\HotPursuitGame\CarGame\CarGame\UI\Drawing.cpp,"CDrawing::SetShots( const std::vector<std::pair<std::pair<float, float>, std::pair<float, float>>>& _shots )",3,3,3,0,0,0,0,0,
C:\work\HotPursuitGame\CarGame\CarGame\UI\Drawing.cpp,CDrawing::Start(),3,3,3,0,0,0,0,0,
C:\work\HotPursuitGame\CarGame\CarGame\UI\Drawing.cpp,CDrawing::Stop(),3,3,3,0,0,0,0,0,
C:\work\HotPursuitGame\CarGame\CarGame\UI\Drawing.cpp,CDrawing::load(),36,33,33,0,1,0,2,11,
C:\work\HotPursuitGame\CarGame\CarGame\UI\Drawing.cpp,"CDrawing::keyboardFunction( unsigned char pressedKey, int x, int y )",7,7,6,1,0,0,0,0,
C:\work\HotPursuitGame\CarGame\CarGame\UI\Drawing.cpp,"CDrawing::translateToCoord( int x, int y, float cellSize )",4,4,4,1,0,0,0,0,
C:\work\HotPursuitGame\CarGame\CarGame\UI\Drawing.cpp,"CDrawing::mouseFunction( int button, int state, int x, int y )",13,13,11,2,0,0,0,0,
C:\work\HotPursuitGame\CarGame\CarGame\UI\GameResultWindow.cpp,UI::CGameResultWindow::RegisterClass( HINSTANCE hInst ),16,15,15,1,1,0,0,0,
C:\work\HotPursuitGame\CarGame\CarGame\UI\GameResultWindow.cpp,UI::CGameResultWindow::CGameResultWindow( CUIManager* _manager ),1,1,1,0,0,0,0,0,
C:\work\HotPursuitGame\CarGame\CarGame\UI\GameResultWindow.cpp,UI::CGameResultWindow::Create(),11,9,7,1,2,0,0,0,
C:\work\HotPursuitGame\CarGame\CarGame\UI\GameResultWindow.cpp,UI::CGameResultWindow::Destroy() const,4,4,4,0,0,0,0,0,
C:\work\HotPursuitGame\CarGame\CarGame\UI\GameResultWindow.cpp,UI::CGameResultWindow::MakeVisible() const,3,2,2,0,0,0,1,3,
C:\work\HotPursuitGame\CarGame\CarGame\UI\GameResultWindow.cpp,UI::CGameResultWindow::MakeInvisible() const,2,2,2,0,0,0,0,0,
C:\work\HotPursuitGame\CarGame\CarGame\UI\GameResultWindow.cpp,UI::CGameResultWindow::OnCreate() const,2,1,1,0,1,0,0,0,
C:\work\HotPursuitGame\CarGame\CarGame\UI\GameResultWindow.cpp,UI::CGameResultWindow::OnPaint() const,31,24,23,0,7,0,0,0,
C:\work\HotPursuitGame\CarGame\CarGame\UI\GameResultWindow.cpp,"UI::CGameResultWindow::OnLButtonDown( int xMousePos, int yMousePos ) const",2,1,1,0,1,0,0,0,
C:\work\HotPursuitGame\CarGame\CarGame\UI\GameResultWindow.cpp,"UI::CGameResultWindow::OnLButtonUp( int xMousePos, int yMousePos ) const",12,12,8,2,0,0,0,0,
C:\work\HotPursuitGame\CarGame\CarGame\UI\GameResultWindow.cpp,"UI::CGameResultWindow::OnMouseMove( int xMousePos, int yMousePos ) const",2,1,1,0,1,0,0,0,
C:\work\HotPursuitGame\CarGame\CarGame\UI\GameResultWindow.cpp,UI::CGameResultWindow::SetWinners( const std::vector<Core::CPlayer>& winners ) const,14,14,12,2,0,0,0,0,
C:\work\HotPursuitGame\CarGame\CarGame\UI\GameResultWindow.cpp,"UI::CGameResultWindow::windowProc( HWND handle, UINT message, WPARAM wParam, LPARAM lParam )",38,35,25,10,3,0,0,0,
C:\work\HotPursuitGame\CarGame\CarGame\UI\MainMenuWindow.cpp,UI::CMainMenuWindow::RegisterClass( HINSTANCE hInst ),17,16,16,1,1,0,0,0,
C:\work\HotPursuitGame\CarGame\CarGame\UI\MainMenuWindow.cpp,UI::CMainMenuWindow::CMainMenuWindow( HINSTANCE hInst ),1,1,1,0,0,0,0,0,
C:\work\HotPursuitGame\CarGame\CarGame\UI\MainMenuWindow.cpp,UI::CMainMenuWindow::Create(),4,4,3,1,0,0,0,0,
C:\work\HotPursuitGame\CarGame\CarGame\UI\MainMenuWindow.cpp,UI::CMainMenuWindow::Destroy(),4,4,4,0,0,0,0,0,
C:\work\HotPursuitGame\CarGame\CarGame\UI\MainMenuWindow.cpp,UI::CMainMenuWindow::Show( int cmdShow ),4,4,4,0,0,0,0,0,
C:\work\HotPursuitGame\CarGame\CarGame\UI\MainMenuWindow.cpp,UI::CMainMenuWindow::Play(),2,2,2,0,0,0,0,0,
C:\work\HotPursuitGame\CarGame\CarGame\UI\MainMenuWindow.cpp,UI::CMainMenuWindow::MakeVisible() const,2,2,2,0,0,0,0,0,
C:\work\HotPursuitGame\CarGame\CarGame\UI\MainMenuWindow.cpp,UI::CMainMenuWindow::MakeInvisible() const,2,2,2,0,0,0,0,0,
C:\work\HotPursuitGame\CarGame\CarGame\UI\MainMenuWindow.cpp,UI::CMainMenuWindow::OnMapEditorExe(),3,3,3,0,0,0,0,0,
C:\work\HotPursuitGame\CarGame\CarGame\UI\MainMenuWindow.cpp,UI::CMainMenuWindow::OnCreate(),15,15,19,0,0,0,0,0,
C:\work\HotPursuitGame\CarGame\CarGame\UI\MainMenuWindow.cpp,UI::CMainMenuWindow::OnPaint(),35,28,27,0,7,0,0,0,
C:\work\HotPursuitGame\CarGame\CarGame\UI\MainMenuWindow.cpp,"UI::CMainMenuWindow::OnLButtonDown( int xMousePos, int yMousePos )",16,16,13,1,0,0,0,0,
C:\work\HotPursuitGame\CarGame\CarGame\UI\MainMenuWindow.cpp,"UI::CMainMenuWindow::OnLButtonUp( int xMousePos, int yMousePos )",19,19,16,1,0,0,0,0,
C:\work\HotPursuitGame\CarGame\CarGame\UI\MainMenuWindow.cpp,"UI::CMainMenuWindow::OnMouseMove( int xMousePos, int yMousePos )",20,20,15,3,0,0,0,0,
C:\work\HotPursuitGame\CarGame\CarGame\UI\MainMenuWindow.cpp,"UI::CMainMenuWindow::windowProc( HWND handle, UINT message, WPARAM wParam, LPARAM lParam )",34,32,22,10,2,0,0,0,
C:\work\HotPursuitGame\CarGame\CarGame\UI\Map.cpp,CMap::CMap( const std::vector<std::vector<int>>& map_data ),1,1,1,0,0,0,0,0,
C:\work\HotPursuitGame\CarGame\CarGame\UI\Map.cpp,CMap::Calculate(),7,7,6,0,0,0,0,0,
C:\work\HotPursuitGame\CarGame\CarGame\UI\Map.cpp,CMap::drawAllCellsOfType( int cellType ) const,33,33,24,7,0,0,0,0,
C:\work\HotPursuitGame\CarGame\CarGame\UI\Map.cpp,CMap::MarkHighlightedCells( const std::vector<Core::CCoordinates>& possibleMoves ),4,4,3,1,0,0,0,0,
C:\work\HotPursuitGame\CarGame\CarGame\UI\Map.cpp,CMap::UnmarkHighlightedCells( const std::vector<Core::CCoordinates>& possibleMoves ),4,4,3,1,0,0,0,0,
C:\work\HotPursuitGame\CarGame\CarGame\UI\Map.cpp,"CMap::DrawFinishLine( std::pair<CCoordinates, CCoordinates> finishLine ) const",20,20,19,0,0,0,0,0,
C:\work\HotPursuitGame\CarGame\CarGame\UI\Map.cpp,"CMap::DrawShot( const std::pair<std::pair<float, float>, std::pair<float, float>>& shot ) const",10,10,9,0,0,0,0,0,
C:\work\HotPursuitGame\CarGame\CarGame\UI\Map.cpp,CMap::Draw() const,11,9,9,0,2,0,0,0,
C:\work\HotPursuitGame\CarGame\CarGame\UI\Map.cpp,CMap::HighlightActiveCells() const,23,23,21,1,0,0,0,0,
C:\work\HotPursuitGame\CarGame\CarGame\UI\Map.cpp,CMap::GetCellSize() const,2,2,2,1,0,0,0,0,
C:\work\HotPursuitGame\CarGame\CarGame\UI\Map.cpp,CMap::GetIndent() const,2,2,2,1,0,0,0,0,
C:\work\HotPursuitGame\CarGame\CarGame\UI\Map.cpp,CMap::GetSize() const,2,2,2,1,0,0,0,0,
C:\work\HotPursuitGame\CarGame\CarGame\UI\MapSettingsWindow.cpp,UI::CMapSettingsWindow::RegisterClass( HINSTANCE hInst ),16,15,15,1,1,0,0,0,
C:\work\HotPursuitGame\CarGame\CarGame\UI\MapSettingsWindow.cpp,UI::CMapSettingsWindow::CMapSettingsWindow( CUIManager* _manager ),1,1,1,0,0,0,0,0,
C:\work\HotPursuitGame\CarGame\CarGame\UI\MapSettingsWindow.cpp,UI::CMapSettingsWindow::Create(),42,26,17,2,6,0,10,100,
C:\work\HotPursuitGame\CarGame\CarGame\UI\MapSettingsWindow.cpp,UI::CMapSettingsWindow::CreateMapNameControl(),15,14,13,3,1,0,0,0,
C:\work\HotPursuitGame\CarGame\CarGame\UI\MapSettingsWindow.cpp,UI::CMapSettingsWindow::Destroy() const,4,4,4,0,0,0,0,0,
C:\work\HotPursuitGame\CarGame\CarGame\UI\MapSettingsWindow.cpp,UI::CMapSettingsWindow::GetPositionOwnersNumber(),2,2,2,1,0,0,0,0,
C:\work\HotPursuitGame\CarGame\CarGame\UI\MapSettingsWindow.cpp,UI::CMapSettingsWindow::StartGame(),22,22,19,1,0,0,0,0,
C:\work\HotPursuitGame\CarGame\CarGame\UI\MapSettingsWindow.cpp,UI::CMapSettingsWindow::BackToMenu() const,2,2,2,0,0,0,0,0,
C:\work\HotPursuitGame\CarGame\CarGame\UI\MapSettingsWindow.cpp,UI::CMapSettingsWindow::ChangeSettings(),3,3,2,0,0,0,0,0,
C:\work\HotPursuitGame\CarGame\CarGame\UI\MapSettingsWindow.cpp,UI::CMapSettingsWindow::GetMapName() const,5,5,5,1,0,0,0,0,
C:\work\HotPursuitGame\CarGame\CarGame\UI\MapSettingsWindow.cpp,UI::CMapSettingsWindow::GetPlayersInfo( const std::vector<Core::CCoordinates>& coordinates ),26,25,19,5,0,0,1,6,
C:\work\HotPursuitGame\CarGame\CarGame\UI\MapSettingsWindow.cpp,UI::CMapSettingsWindow::MakeVisible() const,2,2,2,0,0,0,0,0,
C:\work\HotPursuitGame\CarGame\CarGame\UI\MapSettingsWindow.cpp,UI::CMapSettingsWindow::MakeInvisible() const,3,2,2,0,1,0,0,0,
C:\work\HotPursuitGame\CarGame\CarGame\UI\MapSettingsWindow.cpp,UI::CMapSettingsWindow::OnCreate(),19,19,23,0,0,0,0,0,
C:\work\HotPursuitGame\CarGame\CarGame\UI\MapSettingsWindow.cpp,UI::CMapSettingsWindow::OnPaint(),53,43,38,4,10,0,0,0,
C:\work\HotPursuitGame\CarGame\CarGame\UI\MapSettingsWindow.cpp,"UI::CMapSettingsWindow::OnLButtonDown( int xMousePos, int yMousePos )",16,16,13,1,0,0,0,0,
C:\work\HotPursuitGame\CarGame\CarGame\UI\MapSettingsWindow.cpp,"UI::CMapSettingsWindow::OnLButtonUp( int xMousePos, int yMousePos )",33,31,24,5,1,0,1,9,
C:\work\HotPursuitGame\CarGame\CarGame\UI\MapSettingsWindow.cpp,"UI::CMapSettingsWindow::OnMouseMove( int xMousePos, int yMousePos )",5,5,5,0,0,0,0,0,
C:\work\HotPursuitGame\CarGame\CarGame\UI\MapSettingsWindow.cpp,"UI::CMapSettingsWindow::changeHoveredButton( ButtonInfo* button, int xMousePos, int yMousePos )",13,13,11,1,0,0,0,0,
C:\work\HotPursuitGame\CarGame\CarGame\UI\MapSettingsWindow.cpp,"UI::CMapSettingsWindow::windowProc( HWND handle, UINT message, WPARAM wParam, LPARAM lParam )",51,47,34,13,1,0,3,22,
C:\work\HotPursuitGame\CarGame\CarGame\UI\Powerup.cpp,"CPowerup::CPowerup( PowerupType type, const CCoordinates& coordinates )",1,1,1,0,0,0,0,0,
C:\work\HotPursuitGame\CarGame\CarGame\UI\Powerup.cpp,CPowerup::GetType() const,2,2,2,1,0,0,0,0,
C:\work\HotPursuitGame\CarGame\CarGame\UI\Powerup.cpp,CPowerup::GetCoordinates() const,2,2,2,1,0,0,0,0,
C:\work\HotPursuitGame\CarGame\CarGame\UI\Powerup.cpp,"CPowerup::Draw( float cellSize, CWindowCoordinates indent, CSize mapSize ) const",18,17,16,0,1,0,0,0,
C:\work\HotPursuitGame\CarGame\CarGame\UI\SettingsDialog.cpp,UI::CSettingsDialog::Init( HWND hwndDlg ),46,32,34,0,10,1,4,13,
C:\work\HotPursuitGame\CarGame\CarGame\UI\SettingsDialog.cpp,"UI::CSettingsDialog::OnDialogOk( HWND hwndDlg, WPARAM wParam )",42,39,28,3,3,0,0,0,
C:\work\HotPursuitGame\CarGame\CarGame\UI\SettingsDialog.cpp,"UI::CSettingsDialog::OnDialogCancel( HWND hwndDlg, WPARAM wParam )",4,2,2,0,0,0,2,6,
C:\work\HotPursuitGame\CarGame\CarGame\UI\SettingsDialog.cpp,UI::CSettingsDialog::OnDialogLapsNumberEdit( HWND hwndDlg ),12,12,10,2,0,0,0,0,
C:\work\HotPursuitGame\CarGame\CarGame\UI\SettingsDialog.cpp,UI::CSettingsDialog::OnDialogVscroll( HWND hwndDlg ),6,6,6,0,0,0,0,0,
C:\work\HotPursuitGame\CarGame\CarGame\UI\SettingsDialog.cpp,UI::CSettingsDialog::OnPaint( HWND hwndDlg ),32,26,25,0,6,0,0,0,
C:\work\HotPursuitGame\CarGame\CarGame\UI\SettingsDialog.cpp,"UI::CSettingsDialog::OnLButtonDown( HWND hwndDlg, int xMousePos, int yMousePos )",11,11,9,1,0,0,0,0,
C:\work\HotPursuitGame\CarGame\CarGame\UI\SettingsDialog.cpp,"UI::CSettingsDialog::OnLButtonUp( HWND hwndDlg, int xMousePos, int yMousePos, WPARAM wParam )",13,13,11,1,0,0,0,0,
C:\work\HotPursuitGame\CarGame\CarGame\UI\SettingsDialog.cpp,"UI::CSettingsDialog::OnMouseMove( HWND hwndDlg, int xMousePos, int yMousePos )",4,4,4,0,0,0,0,0,
C:\work\HotPursuitGame\CarGame\CarGame\UI\SettingsDialog.cpp,"UI::CSettingsDialog::changeHoveredButton( HWND hwndDlg, ButtonInfo* button, int xMousePos, int yMousePos )",13,13,11,1,0,0,0,0,
C:\work\HotPursuitGame\CarGame\CarGame\UI\SettingsDialog.cpp,"UI::CSettingsDialog::GetLapsNumber( HWND hwndDlg, int editId )",8,8,7,3,0,0,0,0,
C:\work\HotPursuitGame\CarGame\CarGame\UI\SettingsDialog.cpp,UI::CModeToItemIdConverter::getMoveItemId( Core::CGameMode::MovementMode mode ),2,2,2,1,0,0,0,0,
C:\work\HotPursuitGame\CarGame\CarGame\UI\SettingsDialog.cpp,UI::CModeToItemIdConverter::getCrashItemId( Core::CGameMode::DeathPenalty mode ),17,17,11,6,0,0,0,0,
C:\work\HotPursuitGame\CarGame\CarGame\UI\SettingsDialog.cpp,UI::CModeToItemIdConverter::getBarrierItemId( Core::CGameMode::ObjectRate mode ),20,20,13,7,0,0,0,0,
C:\work\HotPursuitGame\CarGame\CarGame\UI\SettingsDialog.cpp,UI::CModeToItemIdConverter::getObjectChangeModelItemId( Core::CGameMode::ObjectChangeModel mode ),17,17,11,6,0,0,0,0,
C:\work\HotPursuitGame\CarGame\CarGame\UI\SettingsDialog.cpp,"UI::CSettingsDialog::DialogSettingsProc( HWND hwndDlg, UINT message, WPARAM wParam, LPARAM lParam )",55,47,28,15,1,0,7,37,
C:\work\HotPursuitGame\CarGame\Race\CCommandHandler.cpp,CCommandHandler::CreateInstance( __deref_out IUICommandHandler **ppCommandHandler ),17,13,11,4,4,0,0,0,
C:\work\HotPursuitGame\CarGame\Race\CCommandHandler.cpp,CCommandHandler::AddRef(),2,2,2,1,0,0,0,0,
C:\work\HotPursuitGame\CarGame\Race\CCommandHandler.cpp,CCommandHandler::Release(),7,6,5,2,1,0,0,0,
C:\work\HotPursuitGame\CarGame\Race\CCommandHandler.cpp,"CCommandHandler::QueryInterface( REFIID iid, void** ppv )",12,11,10,3,1,0,0,0,
C:\work\HotPursuitGame\CarGame\Race\CCommandHandler.cpp,"CCommandHandler::UpdateProperty( UINT nCmdID, __in REFPROPERTYKEY key, __in_opt const PROPVARIANT* ppropvarCurrentValue, __out PROPVARIANT* ppropvarNewValue )",7,6,6,1,1,0,0,0,
C:\work\HotPursuitGame\CarGame\Race\CCommandHandler.cpp,"CCommandHandler::Execute( UINT nCmdID, UI_EXECUTIONVERB verb, __in_opt const PROPERTYKEY* key, __in_opt const PROPVARIANT* ppropvarValue, __in_opt IUISimplePropertySet* pCommandExecutionProperties )",46,44,31,14,2,0,0,0,
C:\work\HotPursuitGame\CarGame\Race\CMap.cpp,CMap::CMap(),6,6,6,0,0,0,0,0,
C:\work\HotPursuitGame\CarGame\Race\CMap.cpp,CMap::~CMap(),1,1,1,0,0,0,0,0,
C:\work\HotPursuitGame\CarGame\Race\CMap.cpp,CMap::GetNumbers(),2,2,2,1,0,0,0,0,
C:\work\HotPursuitGame\CarGame\Race\CMap.cpp,CMap::GetX(),2,2,2,1,0,0,0,0,
C:\work\HotPursuitGame\CarGame\Race\CMap.cpp,CMap::GetY(),2,2,2,1,0,0,0,0,
C:\work\HotPursuitGame\CarGame\Race\CMap.cpp,"CMap::ClickCell( int i, int j )",2,2,2,0,0,0,0,0,
C:\work\HotPursuitGame\CarGame\Race\CMap.cpp,"CMap::ClickCell( int i, int j, BType bType, bool lButtonPressed )",162,78,58,20,8,0,76,241,
C:\work\HotPursuitGame\CarGame\Race\CMap.cpp,CMap::LoadMapFromFile( std::ifstream& fin ),19,18,15,3,1,0,0,0,
C:\work\HotPursuitGame\CarGame\Race\CMap.cpp,CMap::SaveMapToFile( std::ofstream & fout ),19,18,15,3,1,0,0,0,
C:\work\HotPursuitGame\CarGame\Race\CMap.cpp,CMap::RestartMap(),67,49,34,10,12,6,6,22,
C:\work\HotPursuitGame\CarGame\Race\CMap.cpp,"CMap::SetFinishCoord( int pointNum, int x, int y, int prevTexture )",11,11,9,1,0,0,0,0,
C:\work\HotPursuitGame\CarGame\Race\CMap.cpp,CMap::GetFinishCoord( int pointNum ),7,7,5,3,0,0,0,0,
C:\work\HotPursuitGame\CarGame\Race\CMap.cpp,CMap::GetPrevTexture( int num ),7,7,5,3,0,0,0,0,
C:\work\HotPursuitGame\CarGame\Race\CMap.cpp,CMap::SetPrevTexture( int num ),7,7,5,1,0,0,0,0,
C:\work\HotPursuitGame\CarGame\Race\CMap.cpp,"CMap::SetSize( int x, int y )",3,3,3,0,0,0,0,0,
C:\work\HotPursuitGame\CarGame\Race\CWindow.cpp,getRibbonHeight(),18,17,14,4,1,0,0,0,
C:\work\HotPursuitGame\CarGame\Race\CWindow.cpp,CWindow::GetHandle(),2,2,2,1,0,0,0,0,
C:\work\HotPursuitGame\CarGame\Race\CWindow.cpp,CWindow::GetHandleDialog(),2,2,2,1,0,0,0,0,
C:\work\HotPursuitGame\CarGame\Race\CWindow.cpp,CWindow::SetHandle( HWND newHandle ),2,2,2,0,0,0,0,0,
C:\work\HotPursuitGame\CarGame\Race\CWindow.cpp,CWindow::Create(),10,10,9,1,0,0,0,0,
C:\work\HotPursuitGame\CarGame\Race\CWindow.cpp,CApplicationInterface::~CApplicationInterface(),1,1,1,0,0,0,0,0,
C:\work\HotPursuitGame\CarGame\Race\CWindow.cpp,CWindow::CWindow(),14,14,14,0,0,0,0,0,
C:\work\HotPursuitGame\CarGame\Race\CWindow.cpp,CWindow::~CWindow(),11,10,7,3,1,0,0,0,
C:\work\HotPursuitGame\CarGame\Race\CWindow.cpp,CWindow::RegisterClass(),18,16,16,1,2,0,0,0,
C:\work\HotPursuitGame\CarGame\Race\CWindow.cpp,CWindow::Show( int cmdShow ),2,2,2,0,0,0,0,0,
C:\work\HotPursuitGame\CarGame\Race\CWindow.cpp,CWindow::OnDestroy(),3,3,3,0,0,0,0,0,
C:\work\HotPursuitGame\CarGame\Race\CWindow.cpp,CWindow::OnSize(),20,16,16,0,3,0,1,6,
C:\work\HotPursuitGame\CarGame\Race\CWindow.cpp,CWindow::OnPaint(),80,63,57,6,14,0,3,13,
C:\work\HotPursuitGame\CarGame\Race\CWindow.cpp,CWindow::UpdateState(),5,5,5,0,0,0,0,0,
C:\work\HotPursuitGame\CarGame\Race\CWindow.cpp,CWindow::GetBrush(),2,2,2,1,0,0,0,0,
C:\work\HotPursuitGame\CarGame\Race\CWindow.cpp,CWindow::SetBrush( BType bType ),2,2,2,0,0,0,0,0,
C:\work\HotPursuitGame\CarGame\Race\CWindow.cpp,CWindow::LoadFile(),26,21,21,1,4,0,1,2,
C:\work\HotPursuitGame\CarGame\Race\CWindow.cpp,CWindow::SaveFile(),20,18,18,1,2,0,0,0,
C:\work\HotPursuitGame\CarGame\Race\CWindow.cpp,CWindow::OnClose(),8,8,5,1,0,0,0,0,
C:\work\HotPursuitGame\CarGame\Race\CWindow.cpp,"CWindow::OnCommand( HWND hWnd, UINT message, WPARAM wParam, LPARAM lParam )",25,25,16,8,0,0,0,0,
C:\work\HotPursuitGame\CarGame\Race\CWindow.cpp,CWindow::onDialogOk(),16,15,11,3,1,0,0,0,
C:\work\HotPursuitGame\CarGame\Race\CWindow.cpp,"CWindow::dialogProc( HWND hwndDlg, UINT uMsg, WPARAM wParam, LPARAM lParam )",22,20,13,8,2,0,0,0,
C:\work\HotPursuitGame\CarGame\Race\CWindow.cpp,CWindow::Draw( LPARAM lParam ),17,15,13,2,2,0,0,0,
C:\work\HotPursuitGame\CarGame\Race\CWindow.cpp,CWindow::Zoom( int dir),22,19,15,3,3,0,0,0,
C:\work\HotPursuitGame\CarGame\Race\CWindow.cpp,CWindow::OnLButtonDown( LPARAM lParam ),2,2,2,0,0,0,0,0,
C:\work\HotPursuitGame\CarGame\Race\CWindow.cpp,CWindow::OnMouseMove( LPARAM lParam ),15,15,13,2,0,0,0,0,
C:\work\HotPursuitGame\CarGame\Race\CWindow.cpp,CWindow::OnLButtonUp( LPARAM lParam ),3,3,3,0,0,0,0,0,
C:\work\HotPursuitGame\CarGame\Race\CWindow.cpp,CWindow::OnRButtonUp( LPARAM lParam ),7,6,6,0,1,0,0,0,
C:\work\HotPursuitGame\CarGame\Race\CWindow.cpp,CWindow::OnRButtonDown( LPARAM lparam ),4,4,4,0,0,0,0,0,
C:\work\HotPursuitGame\CarGame\Race\CWindow.cpp,CWindow::CreateInstance( __deref_out IUIApplication **ppApplication ),16,13,11,4,3,0,0,0,
C:\work\HotPursuitGame\CarGame\Race\CWindow.cpp,CWindow::AddRef(),2,2,2,1,0,0,0,0,
C:\work\HotPursuitGame\CarGame\Race\CWindow.cpp,CWindow::Release(),7,6,5,2,1,0,0,0,
C:\work\HotPursuitGame\CarGame\Race\CWindow.cpp,"CWindow::QueryInterface( REFIID iid, void** ppv )",12,11,10,3,1,0,0,0,
C:\work\HotPursuitGame\CarGame\Race\CWindow.cpp,"CWindow::OnCreateUICommand( UINT nCmdID, __in UI_COMMANDTYPE typeID, __deref_out IUICommandHandler** ppCommandHandler )",12,10,8,4,2,0,0,0,
C:\work\HotPursuitGame\CarGame\Race\CWindow.cpp,"CWindow::OnViewChanged( UINT viewId, __in UI_VIEWTYPE typeId, __in IUnknown* pView, UI_VIEWVERB verb, INT uReasonCode )",38,26,19,7,5,0,7,69,
C:\work\HotPursuitGame\CarGame\Race\CWindow.cpp,"CWindow::OnDestroyUICommand( UINT32 nCmdID, __in UI_COMMANDTYPE typeID, __in_opt IUICommandHandler* commandHandler )",6,5,5,1,1,0,0,0,
C:\work\HotPursuitGame\CarGame\Race\CWindow.cpp,"CWindow::windowProc( HWND hWnd, UINT message, WPARAM wParam, LPARAM lParam )",44,44,29,14,0,0,0,0,
C:\work\HotPursuitGame\CarGame\Race\Race.cpp,"WinMain( HINSTANCE hInstance, HINSTANCE hPrevInstance, LPSTR lpCmdLine, int nCmdShow )",22,18,16,3,4,0,0,0,
C:\work\HotPursuitGame\CarGame\Race\Ribbon.cpp,InitRibbon( HWND hWindowFrame ),11,8,8,1,3,0,0,0,
C:\work\HotPursuitGame\CarGame\Race\Ribbon.cpp,DestroyRibbon(),6,6,5,1,0,0,0,0,
C:\work\HotPursuitGame\CarGame\Strategy\CMap.cpp,Map::Map(),2,2,2,0,0,0,0,0,
C:\work\HotPursuitGame\CarGame\Strategy\CMap.cpp,"Map::Map(const size_t xSize, const size_t ySize)",1,1,1,0,0,0,0,0,
C:\work\HotPursuitGame\CarGame\Strategy\CMap.cpp,"Map::Map(const std::vector< std::vector < int > > &inputCells, const std::pair< int, int > &_leftFinishPoint, const std::pair< int, int > &_rightFinishPoint)",1,1,1,0,0,0,0,0,
C:\work\HotPursuitGame\CarGame\Strategy\CMap.cpp,Map::~Map(),1,1,1,0,0,0,0,0,
C:\work\HotPursuitGame\CarGame\Strategy\CMap.cpp,Map::size() const,2,2,2,1,0,0,0,0,
C:\work\HotPursuitGame\CarGame\Strategy\CMap.cpp,Map::sizeOnXaxis() const,2,2,2,1,0,0,0,0,
C:\work\HotPursuitGame\CarGame\Strategy\CMap.cpp,Map::sizeOnYaxis() const,2,2,2,1,0,0,0,0,
C:\work\HotPursuitGame\CarGame\Strategy\CMap.cpp,"Map::canPlayerStayOnCell(int x, int y) const",10,9,7,5,1,0,0,0,
C:\work\HotPursuitGame\CarGame\Strategy\CMap.cpp,"Map::canPlayerStayOnCellLookOnOtherPlayers(int x, int y, int playerID, const std::vector< IPlayerState > &players) const",20,18,13,9,2,0,0,0,
C:\work\HotPursuitGame\CarGame\Strategy\CMap.cpp,"Map::isIntersects( const std::pair<int, int>& firstPoint, const std::pair<int, int>& secondPoint, const std::pair<int, int>& thirdPoint, const std::pair<int, int>& fourthPoint ) const",11,11,2,4,0,0,0,0,
C:\work\HotPursuitGame\CarGame\Strategy\CMap.cpp,"Map::hasBarrierOnPath(int xFirst, int yFirst, int xSecond, int ySecond) const",33,29,14,8,4,0,0,0,
C:\work\HotPursuitGame\CarGame\Strategy\CMap.cpp,Map::fillMapWithDefaultData(),15,14,11,3,1,0,0,0,
C:\work\HotPursuitGame\CarGame\Strategy\CMap.cpp,Map::print(const std::vector< IPlayerState > &players) const,13,13,9,4,0,0,0,0,
C:\work\HotPursuitGame\CarGame\Strategy\CMap.cpp,Map::operator[](int i),5,5,4,2,0,0,0,0,
C:\work\HotPursuitGame\CarGame\Strategy\CMap.cpp,Map::operator[](int i)const,5,5,4,2,0,0,0,0,
C:\work\HotPursuitGame\CarGame\Strategy\CMap.cpp,"Map::AddBarrier( std::pair<int, int>& barrier )",2,2,2,0,0,0,0,0,
C:\work\HotPursuitGame\CarGame\Strategy\CMap.cpp,"Map::DeleteBarrier( std::pair<int, int>& barrier )",2,2,2,0,0,0,0,0,
C:\work\HotPursuitGame\CarGame\Strategy\CMap.cpp,"Map::orientedArea( int ax, int ay, int bx, int by, int cx, int cy ) const",2,2,2,1,0,0,0,0,
C:\work\HotPursuitGame\CarGame\Strategy\CMap.cpp,"Map::intersect(int a, int b, int c, int d) const",10,8,6,3,2,0,0,0,
C:\work\HotPursuitGame\CarGame\Strategy\CMap.cpp,"Map::intersectFinishLine(int xFirst, int yFirst, int xSecond, int ySecond) const",9,9,2,4,0,0,0,0,
C:\work\HotPursuitGame\CarGame\Strategy\CMap.cpp,"Map::IsOnTheFinishLine( int x1, int y1, int x2, int y2 )",4,4,2,3,0,0,0,0,
C:\work\HotPursuitGame\CarGame\Strategy\CMap.cpp,"Map::IsOnRightSideOfFinishLine( int x, int y )",3,3,2,1,0,0,0,0,
C:\work\HotPursuitGame\CarGame\Strategy\CMap.cpp,"Map::wrongFinishLineIntersection(int xFirst, int yFirst, int xSecond, int ySecond) const",25,14,10,4,2,1,9,52,
C:\work\HotPursuitGame\CarGame\Strategy\CMap.cpp,Map::GetLeftFinishPoint() const,2,2,2,1,0,0,0,0,
C:\work\HotPursuitGame\CarGame\Strategy\CMap.cpp,Map::GetRightFinishPoint() const,2,2,2,1,0,0,0,0,
C:\work\HotPursuitGame\CarGame\Strategy\CPlayerState.cpp,PlayerState::PlayerState(),4,4,4,0,0,0,0,0,
C:\work\HotPursuitGame\CarGame\Strategy\CPlayerState.cpp,"PlayerState::PlayerState(std::pair< int, int > startPosition)",6,6,5,1,0,0,0,0,
C:\work\HotPursuitGame\CarGame\Strategy\CPlayerState.cpp,"PlayerState::PlayerState( int x, int y, int xVelocity, int yVelocity, int _curLap )",1,1,1,0,0,0,0,0,
C:\work\HotPursuitGame\CarGame\Strategy\CPlayerState.cpp,PlayerState::~PlayerState(),1,1,1,0,0,0,0,0,
C:\work\HotPursuitGame\CarGame\Strategy\CPlayerState.cpp,PlayerState::operator==(const PlayerState &other) const,3,2,2,1,1,0,0,0,
C:\work\HotPursuitGame\CarGame\Strategy\CPlayerState.cpp,PlayerState::operator!=(const PlayerState &other) const,2,2,2,1,0,0,0,0,
C:\work\HotPursuitGame\CarGame\Strategy\CPlayerState.cpp,PlayerState::operator<(const PlayerState &other) const,4,4,2,1,0,0,0,0,
C:\work\HotPursuitGame\CarGame\Strategy\CPlayerState.cpp,"PlayerState::changePosition( std::pair< int, int > inputPosition )",5,5,4,1,0,0,0,0,
C:\work\HotPursuitGame\CarGame\Strategy\CPlayerState.cpp,"PlayerState::changeVelocityVector(std::pair< int, int > inputVelocityVector)",2,2,2,0,0,0,0,0,
C:\work\HotPursuitGame\CarGame\Strategy\CPlayerState.cpp,PlayerState::changePositionUsingVelocityVector(),3,3,3,0,0,0,0,0,
C:\work\HotPursuitGame\CarGame\Strategy\CPlayerState.cpp,PlayerState::dropVelocityVector(),3,3,3,0,0,0,0,0,
C:\work\HotPursuitGame\CarGame\Strategy\CPlayerState.cpp,"PlayerState::Move( int dx, int dy )",5,5,5,0,0,0,0,0,
C:\work\HotPursuitGame\CarGame\Strategy\CPlayerState.cpp,PlayerState::GetXVelocity() const,2,2,2,1,0,0,0,0,
C:\work\HotPursuitGame\CarGame\Strategy\CPlayerState.cpp,PlayerState::GetYVelocity() const,2,2,2,1,0,0,0,0,
C:\work\HotPursuitGame\CarGame\Strategy\CPlayerState.cpp,PlayerState::GetX() const,2,2,2,1,0,0,0,0,
C:\work\HotPursuitGame\CarGame\Strategy\CPlayerState.cpp,PlayerState::GetY() const,2,2,2,1,0,0,0,0,
C:\work\HotPursuitGame\CarGame\Strategy\CPlayerState.cpp,PlayerState::getPosition() const,2,2,2,1,0,0,0,0,
C:\work\HotPursuitGame\CarGame\Strategy\CPlayerState.cpp,PlayerState::getVelocityVector() const,2,2,2,1,0,0,0,0,
C:\work\HotPursuitGame\CarGame\Strategy\CPlayerState.cpp,"PlayerState::GetNextState( int dx, int dy ) const",8,8,8,1,0,0,0,0,
C:\work\HotPursuitGame\CarGame\Strategy\CPlayerState.cpp,PlayerState::IncreaseLapsCount(),2,2,2,0,0,0,0,0,
C:\work\HotPursuitGame\CarGame\Strategy\CPlayerState.cpp,PlayerState::GetCurLap() const,2,2,2,1,0,0,0,0,
C:\work\HotPursuitGame\CarGame\Strategy\CPlayerState.cpp,PlayerState::SetXVelocity( int xVelocity ),2,2,2,0,0,0,0,0,
C:\work\HotPursuitGame\CarGame\Strategy\CPlayerState.cpp,PlayerState::SetYVelocity(int yVelocity),2,2,2,0,0,0,0,0,
C:\work\HotPursuitGame\CarGame\Strategy\CPlayerState.cpp,PlayerState::SetX(int x),2,2,2,0,0,0,0,0,
C:\work\HotPursuitGame\CarGame\Strategy\CPlayerState.cpp,PlayerState::SetY(int y),2,2,2,0,0,0,0,0,
C:\work\HotPursuitGame\CarGame\Strategy\main.cpp,"DllMain(HMODULE hModule, DWORD ul_reason_for_call, LPVOID lpReserved)",10,9,4,3,1,0,0,0,
C:\work\HotPursuitGame\CarGame\Strategy\StrategyDll.cpp,"PutPlayersOnMap(const Map &_map, const std::vector< std::shared_ptr<IPlayerState> > &_playerStateList, int CurrentPlayerIndex)",24,24,18,8,0,0,0,0,
C:\work\HotPursuitGame\CarGame\Strategy\StrategyDll.cpp,"GetPlayerState( int x, int y, int xVelocity, int yVelocity, int curLap )",2,2,2,1,0,0,0,0,
C:\work\HotPursuitGame\CarGame\Strategy\StrategyDll.cpp,"GetNewStrategy( const std::vector< std::vector < int > > &inputCells, const std::pair< int, int > &_leftFinishPoint, const std::pair< int, int > &_rightFinishPoint, int lapsCount, std::shared_ptr<IPlayerState> playerState, bool isSequential )",5,4,4,1,1,0,0,0,
